{
    "epoch": 5.0,
    "eval_accuracy": 0.8259803921568627,
    "eval_combined_score": 0.8533263305322129,
    "eval_f1": 0.880672268907563,
    "eval_loss": 0.4164588153362274,
    "eval_runtime": 0.4038,
    "eval_samples": 408,
    "eval_samples_per_second": 1010.395,
    "eval_steps_per_second": 32.194,
    "train_loss": 0.43503815223430764,
    "train_runtime": 31.2678,
    "train_samples": 3668,
    "train_samples_per_second": 586.546,
    "train_steps_per_second": 4.637
}