{
    "epoch": 2.0,
    "eval_accuracy": 0.8405963302752294,
    "eval_loss": 0.4086627662181854,
    "eval_runtime": 0.588,
    "eval_samples": 872,
    "eval_samples_per_second": 1482.997,
    "eval_steps_per_second": 47.619
}