{
    "epoch": 1.0,
    "eval_accuracy": 0.8812008054182684,
    "eval_loss": 0.2834828495979309,
    "eval_runtime": 2.8833,
    "eval_samples": 5463,
    "eval_samples_per_second": 1894.711,
    "eval_steps_per_second": 59.307,
    "train_loss": 0.3856182820339925,
    "train_runtime": 146.5048,
    "train_samples": 104743,
    "train_samples_per_second": 714.946,
    "train_steps_per_second": 5.59
}