{
    "epoch": 2.0,
    "eval_accuracy": 0.8107798165137615,
    "eval_loss": 0.4067629277706146,
    "eval_runtime": 0.6848,
    "eval_samples": 872,
    "eval_samples_per_second": 1273.441,
    "eval_steps_per_second": 40.89
}