{
    "epoch": 5.0,
    "eval_combined_score": 0.8710005975074171,
    "eval_loss": 0.6115478873252869,
    "eval_pearson": 0.8722259745503634,
    "eval_runtime": 0.9015,
    "eval_samples": 1500,
    "eval_samples_per_second": 1663.852,
    "eval_spearmanr": 0.8697752204644706,
    "eval_steps_per_second": 52.134,
    "train_loss": 0.9922557237413194,
    "train_runtime": 40.0525,
    "train_samples": 5749,
    "train_samples_per_second": 717.683,
    "train_steps_per_second": 5.618
}