{
    "epoch": 5.0,
    "eval_combined_score": 0.07281863714637829,
    "eval_loss": 2.415609836578369,
    "eval_pearson": 0.0633510752305612,
    "eval_runtime": 1.0753,
    "eval_samples": 1500,
    "eval_samples_per_second": 1394.993,
    "eval_spearmanr": 0.08228619906219538,
    "eval_steps_per_second": 43.71,
    "train_loss": 2.636604546440972,
    "train_runtime": 48.6783,
    "train_samples": 5749,
    "train_samples_per_second": 590.509,
    "train_steps_per_second": 4.622
}