{
    "epoch": 3.0,
    "eval_accuracy": 0.252081393051675,
    "eval_loss": 5.2180256843566895,
    "eval_runtime": 1.9247,
    "eval_samples": 479,
    "eval_samples_per_second": 248.864,
    "eval_steps_per_second": 7.793,
    "perplexity": 184.56942581054258
}