{
    "epoch": 5.0,
    "eval_accuracy": 0.7745098039215687,
    "eval_combined_score": 0.8142390289449113,
    "eval_f1": 0.853968253968254,
    "eval_loss": 0.5600395798683167,
    "eval_runtime": 0.2979,
    "eval_samples": 408,
    "eval_samples_per_second": 1369.46,
    "eval_steps_per_second": 43.635
}