{
    "epoch": 2.0,
    "eval_accuracy": 0.911697247706422,
    "eval_loss": 0.24843046069145203,
    "eval_runtime": 0.6328,
    "eval_samples": 872,
    "eval_samples_per_second": 1378.032,
    "eval_steps_per_second": 44.249
}