{
    "epoch": 3.0,
    "eval_accuracy": 0.1330398216351988,
    "eval_loss": 6.644805431365967,
    "eval_runtime": 2.0815,
    "eval_samples": 479,
    "eval_samples_per_second": 230.12,
    "eval_steps_per_second": 7.206,
    "perplexity": 768.7804525166699,
    "train_loss": 6.960044001436781,
    "train_runtime": 127.6748,
    "train_samples": 4627,
    "train_samples_per_second": 108.722,
    "train_steps_per_second": 3.407
}