{
    "epoch": 5.0,
    "eval_accuracy": 0.6838235294117647,
    "eval_combined_score": 0.7480253018237863,
    "eval_f1": 0.8122270742358079,
    "eval_loss": 0.5990386009216309,
    "eval_runtime": 0.4057,
    "eval_samples": 408,
    "eval_samples_per_second": 1005.608,
    "eval_steps_per_second": 32.041,
    "train_loss": 0.6140327716695851,
    "train_runtime": 31.2693,
    "train_samples": 3668,
    "train_samples_per_second": 586.517,
    "train_steps_per_second": 4.637
}