{
    "epoch": 5.0,
    "eval_combined_score": 0.17577100588847955,
    "eval_loss": 2.540132522583008,
    "eval_pearson": 0.1723963082346633,
    "eval_runtime": 0.8472,
    "eval_samples": 1500,
    "eval_samples_per_second": 1770.484,
    "eval_spearmanr": 0.1791457035422958,
    "eval_steps_per_second": 55.475,
    "train_loss": 2.0617713758680556,
    "train_runtime": 39.9737,
    "train_samples": 5749,
    "train_samples_per_second": 719.098,
    "train_steps_per_second": 5.629
}