{
    "epoch": 2.0,
    "eval_accuracy": 0.8360091743119266,
    "eval_loss": 0.3994889557361603,
    "eval_runtime": 0.6109,
    "eval_samples": 872,
    "eval_samples_per_second": 1427.367,
    "eval_steps_per_second": 45.833
}