{
    "epoch": 5.0,
    "eval_accuracy": 0.6936274509803921,
    "eval_combined_score": 0.7435079403662291,
    "eval_f1": 0.7933884297520661,
    "eval_loss": 0.6016542315483093,
    "eval_runtime": 0.3501,
    "eval_samples": 408,
    "eval_samples_per_second": 1165.298,
    "eval_steps_per_second": 37.13
}