{
    "epoch": 2.0,
    "eval_accuracy": 0.838302752293578,
    "eval_loss": 0.41609278321266174,
    "eval_runtime": 0.5817,
    "eval_samples": 872,
    "eval_samples_per_second": 1499.117,
    "eval_steps_per_second": 48.137,
    "train_loss": 0.28256383204595864,
    "train_runtime": 227.4621,
    "train_samples": 67349,
    "train_samples_per_second": 592.178,
    "train_steps_per_second": 4.634
}