{
    "epoch": 2.0,
    "eval_accuracy": 0.838302752293578,
    "eval_loss": 0.41609278321266174,
    "eval_runtime": 0.5817,
    "eval_samples": 872,
    "eval_samples_per_second": 1499.117,
    "eval_steps_per_second": 48.137
}