{
    "epoch": 5.0,
    "eval_accuracy": 0.8063725490196079,
    "eval_combined_score": 0.8393736735404986,
    "eval_f1": 0.8723747980613893,
    "eval_loss": 0.5034013390541077,
    "eval_runtime": 0.2954,
    "eval_samples": 408,
    "eval_samples_per_second": 1381.346,
    "eval_steps_per_second": 44.013
}