{
    "epoch": 5.0,
    "eval_combined_score": 0.877037033380704,
    "eval_loss": 0.5619412064552307,
    "eval_pearson": 0.8792554050984681,
    "eval_runtime": 1.1277,
    "eval_samples": 1500,
    "eval_samples_per_second": 1330.156,
    "eval_spearmanr": 0.87481866166294,
    "eval_steps_per_second": 41.678
}