{
    "epoch": 3.0,
    "eval_accuracy": 0.512742358818051,
    "eval_loss": 3.0838873386383057,
    "eval_runtime": 1.9397,
    "eval_samples": 479,
    "eval_samples_per_second": 246.94,
    "eval_steps_per_second": 7.733,
    "perplexity": 21.843149287752293,
    "train_loss": 3.9809247597880746,
    "train_runtime": 145.3095,
    "train_samples": 4627,
    "train_samples_per_second": 95.527,
    "train_steps_per_second": 2.994
}