{
    "epoch": 2.0,
    "eval_accuracy": 0.819954128440367,
    "eval_loss": 0.413973331451416,
    "eval_runtime": 0.4916,
    "eval_samples": 872,
    "eval_samples_per_second": 1773.797,
    "eval_steps_per_second": 56.957,
    "train_loss": 0.32650835011896645,
    "train_runtime": 188.3575,
    "train_samples": 67349,
    "train_samples_per_second": 715.119,
    "train_steps_per_second": 5.596
}