{
    "epoch": 2.0,
    "eval_accuracy": 0.819954128440367,
    "eval_loss": 0.413973331451416,
    "eval_runtime": 0.4916,
    "eval_samples": 872,
    "eval_samples_per_second": 1773.797,
    "eval_steps_per_second": 56.957
}