{
    "epoch": 5.0,
    "eval_combined_score": 0.154057871249167,
    "eval_loss": 2.471903085708618,
    "eval_pearson": 0.1553492973507209,
    "eval_runtime": 1.0284,
    "eval_samples": 1500,
    "eval_samples_per_second": 1458.59,
    "eval_spearmanr": 0.15276644514761312,
    "eval_steps_per_second": 45.702,
    "train_loss": 2.1674825032552083,
    "train_runtime": 48.5066,
    "train_samples": 5749,
    "train_samples_per_second": 592.6,
    "train_steps_per_second": 4.639
}