{
    "epoch": 5.0,
    "eval_accuracy": 0.678921568627451,
    "eval_combined_score": 0.7290054723407069,
    "eval_f1": 0.7790893760539629,
    "eval_loss": 0.5941408276557922,
    "eval_runtime": 0.3038,
    "eval_samples": 408,
    "eval_samples_per_second": 1342.886,
    "eval_steps_per_second": 42.788
}