{
    "epoch": 5.0,
    "eval_accuracy": 0.6887254901960784,
    "eval_combined_score": 0.7383527284035484,
    "eval_f1": 0.7879799666110183,
    "eval_loss": 0.5983871817588806,
    "eval_runtime": 0.3697,
    "eval_samples": 408,
    "eval_samples_per_second": 1103.563,
    "eval_steps_per_second": 35.163
}