{
    "epoch": 2.0,
    "eval_accuracy": 0.8360091743119266,
    "eval_loss": 0.4073267877101898,
    "eval_runtime": 0.5464,
    "eval_samples": 872,
    "eval_samples_per_second": 1595.862,
    "eval_steps_per_second": 51.243
}