{
    "epoch": 5.0,
    "eval_combined_score": 0.06351336205855698,
    "eval_loss": 2.557358980178833,
    "eval_pearson": 0.053422541714910204,
    "eval_runtime": 1.0794,
    "eval_samples": 1500,
    "eval_samples_per_second": 1389.661,
    "eval_spearmanr": 0.07360418240220377,
    "eval_steps_per_second": 43.543,
    "train_loss": 2.4091810438368055,
    "train_runtime": 48.4715,
    "train_samples": 5749,
    "train_samples_per_second": 593.029,
    "train_steps_per_second": 4.642
}