{
    "epoch": 5.0,
    "eval_combined_score": 0.06351336205855698,
    "eval_loss": 2.557358980178833,
    "eval_pearson": 0.053422541714910204,
    "eval_runtime": 1.0794,
    "eval_samples": 1500,
    "eval_samples_per_second": 1389.661,
    "eval_spearmanr": 0.07360418240220377,
    "eval_steps_per_second": 43.543
}