{
    "epoch": 2.0,
    "eval_accuracy": 0.9151376146788991,
    "eval_loss": 0.24302193522453308,
    "eval_runtime": 0.7348,
    "eval_samples": 872,
    "eval_samples_per_second": 1186.637,
    "eval_steps_per_second": 38.103,
    "train_loss": 0.1752595679809744,
    "train_runtime": 227.5932,
    "train_samples": 67349,
    "train_samples_per_second": 591.837,
    "train_steps_per_second": 4.631
}