{
    "epoch": 1.0,
    "eval_accuracy": 0.8962108731466227,
    "eval_loss": 0.2555848956108093,
    "eval_runtime": 3.5666,
    "eval_samples": 5463,
    "eval_samples_per_second": 1531.695,
    "eval_steps_per_second": 47.944
}