{
    "epoch": 2.0,
    "eval_accuracy": 0.8738532110091743,
    "eval_loss": 0.32169419527053833,
    "eval_runtime": 0.6344,
    "eval_samples": 872,
    "eval_samples_per_second": 1374.621,
    "eval_steps_per_second": 44.139
}