{
    "epoch": 5.0,
    "eval_combined_score": 0.885032167696437,
    "eval_loss": 0.5111456513404846,
    "eval_pearson": 0.8868222782446311,
    "eval_runtime": 1.0251,
    "eval_samples": 1500,
    "eval_samples_per_second": 1463.23,
    "eval_spearmanr": 0.8832420571482429,
    "eval_steps_per_second": 45.848
}