{
    "epoch": 2.0,
    "eval_accuracy": 0.9197247706422018,
    "eval_loss": 0.2383759766817093,
    "eval_runtime": 0.5907,
    "eval_samples": 872,
    "eval_samples_per_second": 1476.217,
    "eval_steps_per_second": 47.401,
    "train_loss": 0.17605060508626688,
    "train_runtime": 227.4474,
    "train_samples": 67349,
    "train_samples_per_second": 592.216,
    "train_steps_per_second": 4.634
}