{
    "epoch": 2.0,
    "eval_accuracy": 0.9197247706422018,
    "eval_loss": 0.2383759766817093,
    "eval_runtime": 0.5907,
    "eval_samples": 872,
    "eval_samples_per_second": 1476.217,
    "eval_steps_per_second": 47.401
}