{
    "epoch": 2.0,
    "eval_accuracy": 0.893348623853211,
    "eval_loss": 0.2772179841995239,
    "eval_runtime": 0.5878,
    "eval_samples": 872,
    "eval_samples_per_second": 1483.604,
    "eval_steps_per_second": 47.639
}