{
    "epoch": 5.0,
    "eval_accuracy": 0.6813725490196079,
    "eval_combined_score": 0.7388053967668573,
    "eval_f1": 0.7962382445141066,
    "eval_loss": 0.606803834438324,
    "eval_runtime": 0.3203,
    "eval_samples": 408,
    "eval_samples_per_second": 1273.791,
    "eval_steps_per_second": 40.586
}