{
    "epoch": 2.0,
    "eval_accuracy": 0.9174311926605505,
    "eval_loss": 0.25093770027160645,
    "eval_runtime": 0.5837,
    "eval_samples": 872,
    "eval_samples_per_second": 1493.799,
    "eval_steps_per_second": 47.966,
    "train_loss": 0.17371842214233282,
    "train_runtime": 227.9552,
    "train_samples": 67349,
    "train_samples_per_second": 590.897,
    "train_steps_per_second": 4.624
}