{
    "epoch": 5.0,
    "eval_accuracy": 0.7916666666666666,
    "eval_combined_score": 0.8282657657657657,
    "eval_f1": 0.8648648648648649,
    "eval_loss": 0.5270556211471558,
    "eval_runtime": 0.5016,
    "eval_samples": 408,
    "eval_samples_per_second": 813.351,
    "eval_steps_per_second": 25.916
}