{
    "epoch": 5.0,
    "eval_combined_score": 0.876021990841449,
    "eval_loss": 0.541765034198761,
    "eval_pearson": 0.8773526368336865,
    "eval_runtime": 1.2335,
    "eval_samples": 1500,
    "eval_samples_per_second": 1216.053,
    "eval_spearmanr": 0.8746913448492117,
    "eval_steps_per_second": 38.103,
    "train_loss": 0.9893917507595487,
    "train_runtime": 48.5355,
    "train_samples": 5749,
    "train_samples_per_second": 592.246,
    "train_steps_per_second": 4.636
}