{
    "epoch": 3.0,
    "eval_accuracy": 0.12922981401518358,
    "eval_loss": 6.505216121673584,
    "eval_runtime": 1.9605,
    "eval_samples": 479,
    "eval_samples_per_second": 244.33,
    "eval_steps_per_second": 7.651,
    "perplexity": 668.6201570477625,
    "train_loss": 6.848521686422414,
    "train_runtime": 105.2848,
    "train_samples": 4627,
    "train_samples_per_second": 131.842,
    "train_steps_per_second": 4.132
}