{
    "epoch": 1.0,
    "eval_accuracy": 0.8973091707852828,
    "eval_loss": 0.2520974576473236,
    "eval_runtime": 3.5204,
    "eval_samples": 5463,
    "eval_samples_per_second": 1551.82,
    "eval_steps_per_second": 48.574
}