{
    "epoch": 1.0,
    "epoch_mm": 1.0,
    "eval_accuracy": 0.7003565970453388,
    "eval_accuracy_mm": 0.7066720911310008,
    "eval_loss": 0.6965248584747314,
    "eval_loss_mm": 0.6752487421035767,
    "eval_runtime": 6.5495,
    "eval_runtime_mm": 6.3979,
    "eval_samples": 9815,
    "eval_samples_mm": 9832,
    "eval_samples_per_second": 1498.593,
    "eval_samples_per_second_mm": 1536.765,
    "eval_steps_per_second": 46.874,
    "eval_steps_per_second_mm": 48.141
}