{
    "epoch": 3.0,
    "eval_accuracy": 0.20684108034882737,
    "eval_loss": 5.792081832885742,
    "eval_runtime": 1.765,
    "eval_samples": 479,
    "eval_samples_per_second": 271.389,
    "eval_steps_per_second": 8.499,
    "perplexity": 327.69451997802577,
    "train_loss": 6.495783943965518,
    "train_runtime": 128.0073,
    "train_samples": 4627,
    "train_samples_per_second": 108.439,
    "train_steps_per_second": 3.398
}