{
    "epoch": 1.0,
    "eval_accuracy": 0.8129233022149003,
    "eval_loss": 0.40909451246261597,
    "eval_runtime": 3.0421,
    "eval_samples": 5463,
    "eval_samples_per_second": 1795.824,
    "eval_steps_per_second": 56.212,
    "train_loss": 0.5219591115129445,
    "train_runtime": 146.5943,
    "train_samples": 104743,
    "train_samples_per_second": 714.509,
    "train_steps_per_second": 5.587
}