{
    "epoch": 1.0,
    "eval_accuracy": 0.8903532857404357,
    "eval_loss": 0.27054786682128906,
    "eval_runtime": 3.577,
    "eval_samples": 5463,
    "eval_samples_per_second": 1527.25,
    "eval_steps_per_second": 47.805,
    "train_loss": 0.36753778143243476,
    "train_runtime": 176.2221,
    "train_samples": 104743,
    "train_samples_per_second": 594.381,
    "train_steps_per_second": 4.648
}