{
    "epoch": 1.0,
    "eval_accuracy": 0.8903532857404357,
    "eval_loss": 0.27054786682128906,
    "eval_runtime": 3.577,
    "eval_samples": 5463,
    "eval_samples_per_second": 1527.25,
    "eval_steps_per_second": 47.805
}