{
    "epoch": 3.0,
    "eval_accuracy": 0.16828944769000648,
    "eval_loss": 6.155503749847412,
    "eval_runtime": 1.4984,
    "eval_samples": 479,
    "eval_samples_per_second": 319.678,
    "eval_steps_per_second": 10.011,
    "perplexity": 471.3042020907574
}