{
    "epoch": 5.0,
    "eval_accuracy": 0.6838235294117647,
    "eval_combined_score": 0.7480253018237863,
    "eval_f1": 0.8122270742358079,
    "eval_loss": 0.5982813835144043,
    "eval_runtime": 0.3102,
    "eval_samples": 408,
    "eval_samples_per_second": 1315.237,
    "eval_steps_per_second": 41.907,
    "train_loss": 0.6231563173491379,
    "train_runtime": 25.8516,
    "train_samples": 3668,
    "train_samples_per_second": 709.433,
    "train_steps_per_second": 5.609
}