{
    "epoch": 5.0,
    "eval_accuracy": 0.6936274509803921,
    "eval_combined_score": 0.7533907060582079,
    "eval_f1": 0.8131539611360238,
    "eval_loss": 0.6010775566101074,
    "eval_runtime": 0.3548,
    "eval_samples": 408,
    "eval_samples_per_second": 1149.974,
    "eval_steps_per_second": 36.641,
    "train_loss": 0.6087298689217403,
    "train_runtime": 25.8758,
    "train_samples": 3668,
    "train_samples_per_second": 708.771,
    "train_steps_per_second": 5.604
}