{
    "epoch": 5.0,
    "eval_accuracy": 0.6936274509803921,
    "eval_combined_score": 0.7533907060582079,
    "eval_f1": 0.8131539611360238,
    "eval_loss": 0.6010775566101074,
    "eval_runtime": 0.3548,
    "eval_samples": 408,
    "eval_samples_per_second": 1149.974,
    "eval_steps_per_second": 36.641
}