{
    "epoch": 3.0,
    "eval_accuracy": 0.3220444218666215,
    "eval_loss": 4.601780414581299,
    "eval_runtime": 2.0646,
    "eval_samples": 479,
    "eval_samples_per_second": 232.009,
    "eval_steps_per_second": 7.265,
    "perplexity": 99.66159673820772,
    "train_loss": 5.584486126077586,
    "train_runtime": 127.7411,
    "train_samples": 4627,
    "train_samples_per_second": 108.665,
    "train_steps_per_second": 3.405
}