{
    "epoch": 1.0,
    "eval_accuracy": 0.6143144792238696,
    "eval_loss": 0.6500494480133057,
    "eval_runtime": 2.9694,
    "eval_samples": 5463,
    "eval_samples_per_second": 1839.748,
    "eval_steps_per_second": 57.587,
    "train_loss": 0.6679610553969685,
    "train_runtime": 145.2914,
    "train_samples": 104743,
    "train_samples_per_second": 720.917,
    "train_steps_per_second": 5.637
}