{
    "epoch": 5.0,
    "eval_accuracy": 0.7156862745098039,
    "eval_combined_score": 0.760853170699718,
    "eval_f1": 0.8060200668896321,
    "eval_loss": 0.6018040180206299,
    "eval_runtime": 0.359,
    "eval_samples": 408,
    "eval_samples_per_second": 1136.364,
    "eval_steps_per_second": 36.208,
    "train_loss": 0.5756280307112069,
    "train_runtime": 31.2523,
    "train_samples": 3668,
    "train_samples_per_second": 586.837,
    "train_steps_per_second": 4.64
}