{
    "epoch": 5.0,
    "eval_combined_score": 0.08174403984774455,
    "eval_loss": 2.4769623279571533,
    "eval_pearson": 0.08800312019630102,
    "eval_runtime": 0.8774,
    "eval_samples": 1500,
    "eval_samples_per_second": 1709.529,
    "eval_spearmanr": 0.07548495949918807,
    "eval_steps_per_second": 53.565
}