{
    "epoch": 1.0,
    "eval_accuracy": 0.8941973274757459,
    "eval_loss": 0.2575015425682068,
    "eval_runtime": 3.5375,
    "eval_samples": 5463,
    "eval_samples_per_second": 1544.317,
    "eval_steps_per_second": 48.339
}