{
    "epoch": 2.0,
    "eval_accuracy": 0.8268348623853211,
    "eval_loss": 0.4112822413444519,
    "eval_runtime": 0.6304,
    "eval_samples": 872,
    "eval_samples_per_second": 1383.254,
    "eval_steps_per_second": 44.416
}