{
    "epoch": 1.0,
    "epoch_mm": 1.0,
    "eval_accuracy": 0.5476311767702496,
    "eval_accuracy_mm": 0.5445484133441822,
    "eval_loss": 0.9277107119560242,
    "eval_loss_mm": 0.9223923087120056,
    "eval_runtime": 6.3878,
    "eval_runtime_mm": 6.414,
    "eval_samples": 9815,
    "eval_samples_mm": 9832,
    "eval_samples_per_second": 1536.535,
    "eval_samples_per_second_mm": 1532.904,
    "eval_steps_per_second": 48.061,
    "eval_steps_per_second_mm": 48.02,
    "train_loss": 0.9742469364847633,
    "train_runtime": 661.8548,
    "train_samples": 392702,
    "train_samples_per_second": 593.336,
    "train_steps_per_second": 4.635
}