{
    "epoch": 3.0,
    "eval_accuracy": 0.5032596731860131,
    "eval_loss": 3.1424527168273926,
    "eval_runtime": 1.9146,
    "eval_samples": 479,
    "eval_samples_per_second": 250.183,
    "eval_steps_per_second": 7.835,
    "perplexity": 23.16060365294618,
    "train_loss": 4.118300725125718,
    "train_runtime": 127.893,
    "train_samples": 4627,
    "train_samples_per_second": 108.536,
    "train_steps_per_second": 3.401
}