{
    "epoch": 3.0,
    "eval_accuracy": 0.5032596731860131,
    "eval_loss": 3.1424527168273926,
    "eval_runtime": 1.9146,
    "eval_samples": 479,
    "eval_samples_per_second": 250.183,
    "eval_steps_per_second": 7.835,
    "perplexity": 23.16060365294618
}