{
    "epoch": 5.0,
    "eval_accuracy": 0.6764705882352942,
    "eval_combined_score": 0.7252215954875101,
    "eval_f1": 0.773972602739726,
    "eval_loss": 0.5957396626472473,
    "eval_runtime": 0.3794,
    "eval_samples": 408,
    "eval_samples_per_second": 1075.341,
    "eval_steps_per_second": 34.263,
    "train_loss": 0.581823888318292,
    "train_runtime": 31.3148,
    "train_samples": 3668,
    "train_samples_per_second": 585.665,
    "train_steps_per_second": 4.63
}