{
    "epoch": 1.0,
    "eval_accuracy": 0.8497162731100129,
    "eval_loss": 0.34595122933387756,
    "eval_runtime": 2.8833,
    "eval_samples": 5463,
    "eval_samples_per_second": 1894.69,
    "eval_steps_per_second": 59.307
}