{
    "epoch": 5.0,
    "eval_combined_score": 0.8780205375336723,
    "eval_loss": 0.5630874633789062,
    "eval_pearson": 0.8797780209498232,
    "eval_runtime": 0.9758,
    "eval_samples": 1500,
    "eval_samples_per_second": 1537.131,
    "eval_spearmanr": 0.8762630541175214,
    "eval_steps_per_second": 48.163
}