{
    "epoch": 3.0,
    "eval_accuracy": 0.18660570654474642,
    "eval_loss": 6.181929111480713,
    "eval_runtime": 1.7631,
    "eval_samples": 479,
    "eval_samples_per_second": 271.682,
    "eval_steps_per_second": 8.508,
    "perplexity": 483.9246009793719,
    "train_loss": 6.711283786817528,
    "train_runtime": 127.8657,
    "train_samples": 4627,
    "train_samples_per_second": 108.559,
    "train_steps_per_second": 3.402
}