{
    "epoch": 3.0,
    "eval_accuracy": 0.18660570654474642,
    "eval_loss": 6.181929111480713,
    "eval_runtime": 1.7631,
    "eval_samples": 479,
    "eval_samples_per_second": 271.682,
    "eval_steps_per_second": 8.508,
    "perplexity": 483.9246009793719
}