{
    "epoch": 2.0,
    "eval_accuracy": 0.9128440366972477,
    "eval_loss": 0.2536896765232086,
    "eval_runtime": 0.579,
    "eval_samples": 872,
    "eval_samples_per_second": 1506.128,
    "eval_steps_per_second": 48.362
}