{
    "epoch": 1.0,
    "eval_accuracy": 0.8848617975471352,
    "eval_loss": 0.27515819668769836,
    "eval_runtime": 3.0691,
    "eval_samples": 5463,
    "eval_samples_per_second": 1780.013,
    "eval_steps_per_second": 55.717
}