{
    "epoch": 1.0,
    "eval_accuracy": 0.6080907926047959,
    "eval_loss": 0.6512845158576965,
    "eval_runtime": 2.9515,
    "eval_samples": 5463,
    "eval_samples_per_second": 1850.954,
    "eval_steps_per_second": 57.938
}