{
    "epoch": 5.0,
    "eval_combined_score": 0.8098513509055362,
    "eval_loss": 0.9802522659301758,
    "eval_pearson": 0.8071645599415507,
    "eval_runtime": 1.0416,
    "eval_samples": 1500,
    "eval_samples_per_second": 1440.112,
    "eval_spearmanr": 0.8125381418695217,
    "eval_steps_per_second": 45.124,
    "train_loss": 1.4425691731770833,
    "train_runtime": 48.5714,
    "train_samples": 5749,
    "train_samples_per_second": 591.809,
    "train_steps_per_second": 4.632
}