{
    "epoch": 2.0,
    "eval_accuracy": 0.8165137614678899,
    "eval_loss": 0.42449915409088135,
    "eval_runtime": 0.6854,
    "eval_samples": 872,
    "eval_samples_per_second": 1272.307,
    "eval_steps_per_second": 40.854
}