{
    "epoch": 5.0,
    "eval_accuracy": 0.8382352941176471,
    "eval_combined_score": 0.8629951980792316,
    "eval_f1": 0.8877551020408163,
    "eval_loss": 0.4069983661174774,
    "eval_runtime": 0.3548,
    "eval_samples": 408,
    "eval_samples_per_second": 1149.944,
    "eval_steps_per_second": 36.64,
    "train_loss": 0.4303384188948006,
    "train_runtime": 31.0862,
    "train_samples": 3668,
    "train_samples_per_second": 589.972,
    "train_steps_per_second": 4.664
}