{
    "epoch": 5.0,
    "eval_combined_score": 0.03417242078499838,
    "eval_loss": 2.3858933448791504,
    "eval_pearson": 0.018815332344212073,
    "eval_runtime": 1.1293,
    "eval_samples": 1500,
    "eval_samples_per_second": 1328.291,
    "eval_spearmanr": 0.04952950922578468,
    "eval_steps_per_second": 41.62,
    "train_loss": 2.794841851128472,
    "train_runtime": 48.4528,
    "train_samples": 5749,
    "train_samples_per_second": 593.257,
    "train_steps_per_second": 4.644
}