{
    "epoch": 5.0,
    "eval_accuracy": 0.7107843137254902,
    "eval_combined_score": 0.7599229011993147,
    "eval_f1": 0.8090614886731391,
    "eval_loss": 0.5922165513038635,
    "eval_runtime": 0.3529,
    "eval_samples": 408,
    "eval_samples_per_second": 1156.03,
    "eval_steps_per_second": 36.834,
    "train_loss": 0.5674347449993266,
    "train_runtime": 31.2419,
    "train_samples": 3668,
    "train_samples_per_second": 587.032,
    "train_steps_per_second": 4.641
}