{
    "epoch": 3.0,
    "eval_accuracy": 0.5121214686873818,
    "eval_loss": 3.091181755065918,
    "eval_runtime": 2.2147,
    "eval_samples": 479,
    "eval_samples_per_second": 216.281,
    "eval_steps_per_second": 6.773,
    "perplexity": 22.00306485103178,
    "train_loss": 3.9897219603089082,
    "train_runtime": 127.9131,
    "train_samples": 4627,
    "train_samples_per_second": 108.519,
    "train_steps_per_second": 3.401
}