{
    "epoch": 3.0,
    "eval_accuracy": 0.5121214686873818,
    "eval_loss": 3.091181755065918,
    "eval_runtime": 2.2147,
    "eval_samples": 479,
    "eval_samples_per_second": 216.281,
    "eval_steps_per_second": 6.773,
    "perplexity": 22.00306485103178
}