{
    "epoch": 2.0,
    "eval_accuracy": 0.9105504587155964,
    "eval_loss": 0.25205519795417786,
    "eval_runtime": 0.5821,
    "eval_samples": 872,
    "eval_samples_per_second": 1498.095,
    "eval_steps_per_second": 48.104
}