{
    "epoch": 3.0,
    "eval_accuracy": 0.39344678689357376,
    "eval_loss": 3.863464832305908,
    "eval_runtime": 1.4953,
    "eval_samples": 479,
    "eval_samples_per_second": 320.327,
    "eval_steps_per_second": 10.031,
    "perplexity": 47.63009609329515,
    "train_loss": 4.569922716864224,
    "train_runtime": 105.6956,
    "train_samples": 4627,
    "train_samples_per_second": 131.33,
    "train_steps_per_second": 4.116
}