{
    "epoch": 5.0,
    "eval_combined_score": 0.08355450974632828,
    "eval_loss": 2.556321620941162,
    "eval_pearson": 0.0860348070309133,
    "eval_runtime": 0.9615,
    "eval_samples": 1500,
    "eval_samples_per_second": 1560.09,
    "eval_spearmanr": 0.08107421246174325,
    "eval_steps_per_second": 48.883
}