{
    "epoch": 1.0,
    "eval_accuracy": 0.886326194398682,
    "eval_loss": 0.27433428168296814,
    "eval_runtime": 3.5869,
    "eval_samples": 5463,
    "eval_samples_per_second": 1523.062,
    "eval_steps_per_second": 47.674,
    "train_loss": 0.3746831332662021,
    "train_runtime": 176.1852,
    "train_samples": 104743,
    "train_samples_per_second": 594.505,
    "train_steps_per_second": 4.649
}