{
    "epoch": 5.0,
    "eval_combined_score": 0.1376065336197906,
    "eval_loss": 2.51613450050354,
    "eval_pearson": 0.13749784065064918,
    "eval_runtime": 0.9939,
    "eval_samples": 1500,
    "eval_samples_per_second": 1509.25,
    "eval_spearmanr": 0.13771522658893204,
    "eval_steps_per_second": 47.29,
    "train_loss": 2.2551284450954863,
    "train_runtime": 48.4081,
    "train_samples": 5749,
    "train_samples_per_second": 593.806,
    "train_steps_per_second": 4.648
}