{
    "epoch": 5.0,
    "eval_combined_score": 0.8686234940323494,
    "eval_loss": 0.6457171440124512,
    "eval_pearson": 0.8707569727114384,
    "eval_runtime": 0.9658,
    "eval_samples": 1500,
    "eval_samples_per_second": 1553.142,
    "eval_spearmanr": 0.8664900153532605,
    "eval_steps_per_second": 48.665,
    "train_loss": 1.1609821234809028,
    "train_runtime": 39.9889,
    "train_samples": 5749,
    "train_samples_per_second": 718.825,
    "train_steps_per_second": 5.627
}