{
    "epoch": 5.0,
    "eval_combined_score": 0.27658896855801274,
    "eval_loss": 2.4005956649780273,
    "eval_pearson": 0.27324807336376,
    "eval_runtime": 0.9763,
    "eval_samples": 1500,
    "eval_samples_per_second": 1536.482,
    "eval_spearmanr": 0.2799298637522655,
    "eval_steps_per_second": 48.143,
    "train_loss": 2.0171171061197914,
    "train_runtime": 48.527,
    "train_samples": 5749,
    "train_samples_per_second": 592.35,
    "train_steps_per_second": 4.637
}