{
    "epoch": 3.0,
    "eval_accuracy": 0.507239014478029,
    "eval_loss": 3.1141185760498047,
    "eval_runtime": 1.7394,
    "eval_samples": 479,
    "eval_samples_per_second": 275.376,
    "eval_steps_per_second": 8.623,
    "perplexity": 22.513577598933
}