{
    "epoch": 5.0,
    "eval_combined_score": 0.14970026244690904,
    "eval_loss": 2.4962167739868164,
    "eval_pearson": 0.1442328894791527,
    "eval_runtime": 1.0113,
    "eval_samples": 1500,
    "eval_samples_per_second": 1483.169,
    "eval_spearmanr": 0.1551676354146654,
    "eval_steps_per_second": 46.473,
    "train_loss": 2.1870747884114583,
    "train_runtime": 40.1146,
    "train_samples": 5749,
    "train_samples_per_second": 716.572,
    "train_steps_per_second": 5.609
}