{
    "epoch": 1.0,
    "eval_accuracy": 0.5053999633900788,
    "eval_loss": 0.6931006908416748,
    "eval_runtime": 3.5683,
    "eval_samples": 5463,
    "eval_samples_per_second": 1530.992,
    "eval_steps_per_second": 47.922,
    "train_loss": 0.6936319092691163,
    "train_runtime": 176.4632,
    "train_samples": 104743,
    "train_samples_per_second": 593.569,
    "train_steps_per_second": 4.641
}