{
    "epoch": 1.0,
    "epoch_mm": 1.0,
    "eval_accuracy": 0.8208863983698421,
    "eval_accuracy_mm": 0.8293327908868999,
    "eval_loss": 0.4559633433818817,
    "eval_loss_mm": 0.441548228263855,
    "eval_runtime": 6.4593,
    "eval_runtime_mm": 6.3818,
    "eval_samples": 9815,
    "eval_samples_mm": 9832,
    "eval_samples_per_second": 1519.515,
    "eval_samples_per_second_mm": 1540.625,
    "eval_steps_per_second": 47.528,
    "eval_steps_per_second_mm": 48.262,
    "train_loss": 0.5492520835906306,
    "train_runtime": 662.8762,
    "train_samples": 392702,
    "train_samples_per_second": 592.421,
    "train_steps_per_second": 4.628
}