{
    "epoch": 1.0,
    "eval_accuracy": 0.6229178107267069,
    "eval_loss": 0.6417381167411804,
    "eval_runtime": 3.5696,
    "eval_samples": 5463,
    "eval_samples_per_second": 1530.428,
    "eval_steps_per_second": 47.905
}