{
    "epoch": 5.0,
    "eval_combined_score": 0.0702137178795404,
    "eval_loss": 2.435807943344116,
    "eval_pearson": 0.061601972178185124,
    "eval_runtime": 1.1291,
    "eval_samples": 1500,
    "eval_samples_per_second": 1328.501,
    "eval_spearmanr": 0.07882546358089568,
    "eval_steps_per_second": 41.626
}