{
    "epoch": 1.0,
    "epoch_mm": 1.0,
    "eval_accuracy": 0.5661742231278655,
    "eval_accuracy_mm": 0.561126932465419,
    "eval_loss": 0.9026862978935242,
    "eval_loss_mm": 0.8971847295761108,
    "eval_runtime": 6.5141,
    "eval_runtime_mm": 6.4536,
    "eval_samples": 9815,
    "eval_samples_mm": 9832,
    "eval_samples_per_second": 1506.726,
    "eval_samples_per_second_mm": 1523.5,
    "eval_steps_per_second": 47.128,
    "eval_steps_per_second_mm": 47.726
}