{
    "epoch": 5.0,
    "eval_accuracy": 0.7352941176470589,
    "eval_combined_score": 0.7858288770053476,
    "eval_f1": 0.8363636363636363,
    "eval_loss": 0.6014389395713806,
    "eval_runtime": 0.3162,
    "eval_samples": 408,
    "eval_samples_per_second": 1290.239,
    "eval_steps_per_second": 41.111,
    "train_loss": 0.534637451171875,
    "train_runtime": 25.8491,
    "train_samples": 3668,
    "train_samples_per_second": 709.502,
    "train_steps_per_second": 5.609
}