{
    "epoch": 5.0,
    "eval_accuracy": 0.7058823529411765,
    "eval_combined_score": 0.7536034281262174,
    "eval_f1": 0.8013245033112583,
    "eval_loss": 0.5825928449630737,
    "eval_runtime": 0.4145,
    "eval_samples": 408,
    "eval_samples_per_second": 984.327,
    "eval_steps_per_second": 31.363,
    "train_loss": 0.5673241977033944,
    "train_runtime": 25.842,
    "train_samples": 3668,
    "train_samples_per_second": 709.697,
    "train_steps_per_second": 5.611
}