{
    "epoch": 5.0,
    "eval_combined_score": 0.29635884299592213,
    "eval_loss": 2.4260804653167725,
    "eval_pearson": 0.2928791294259281,
    "eval_runtime": 1.0383,
    "eval_samples": 1500,
    "eval_samples_per_second": 1444.685,
    "eval_spearmanr": 0.2998385565659162,
    "eval_steps_per_second": 45.267,
    "train_loss": 1.9783169216579861,
    "train_runtime": 48.4453,
    "train_samples": 5749,
    "train_samples_per_second": 593.35,
    "train_steps_per_second": 4.644
}