{
    "epoch": 5.0,
    "eval_combined_score": 0.29635884299592213,
    "eval_loss": 2.4260804653167725,
    "eval_pearson": 0.2928791294259281,
    "eval_runtime": 1.0383,
    "eval_samples": 1500,
    "eval_samples_per_second": 1444.685,
    "eval_spearmanr": 0.2998385565659162,
    "eval_steps_per_second": 45.267
}