{
    "epoch": 5.0,
    "eval_combined_score": 0.13619280471988537,
    "eval_loss": 2.489078998565674,
    "eval_pearson": 0.13094785003607767,
    "eval_runtime": 1.0178,
    "eval_samples": 1500,
    "eval_samples_per_second": 1473.835,
    "eval_spearmanr": 0.14143775940369308,
    "eval_steps_per_second": 46.18
}