{
    "epoch": 1.0,
    "eval_accuracy": 0.8965769723595094,
    "eval_loss": 0.25409746170043945,
    "eval_runtime": 3.5607,
    "eval_samples": 5463,
    "eval_samples_per_second": 1534.266,
    "eval_steps_per_second": 48.025
}