{
    "epoch": 5.0,
    "eval_combined_score": 0.09579003680189618,
    "eval_loss": 2.5930168628692627,
    "eval_pearson": 0.09083022124664991,
    "eval_runtime": 1.0627,
    "eval_samples": 1500,
    "eval_samples_per_second": 1411.506,
    "eval_spearmanr": 0.10074985235714247,
    "eval_steps_per_second": 44.227
}