{
    "epoch": 5.0,
    "eval_combined_score": 0.15988212428873816,
    "eval_loss": 2.54142427444458,
    "eval_pearson": 0.1583435999563008,
    "eval_runtime": 0.9566,
    "eval_samples": 1500,
    "eval_samples_per_second": 1568.088,
    "eval_spearmanr": 0.1614206486211755,
    "eval_steps_per_second": 49.133,
    "train_loss": 2.0533707682291666,
    "train_runtime": 39.9205,
    "train_samples": 5749,
    "train_samples_per_second": 720.056,
    "train_steps_per_second": 5.636
}