{
    "epoch": 5.0,
    "eval_accuracy": 0.6911764705882353,
    "eval_combined_score": 0.7409370725034199,
    "eval_f1": 0.7906976744186046,
    "eval_loss": 0.5864068865776062,
    "eval_runtime": 0.3754,
    "eval_samples": 408,
    "eval_samples_per_second": 1086.787,
    "eval_steps_per_second": 34.628,
    "train_loss": 0.5933807373046875,
    "train_runtime": 25.8697,
    "train_samples": 3668,
    "train_samples_per_second": 708.938,
    "train_steps_per_second": 5.605
}