{
    "epoch": 2.0,
    "eval_accuracy": 0.9048165137614679,
    "eval_loss": 0.2766822576522827,
    "eval_runtime": 0.5609,
    "eval_samples": 872,
    "eval_samples_per_second": 1554.633,
    "eval_steps_per_second": 49.919
}