{
    "epoch": 5.0,
    "eval_accuracy": 0.8382352941176471,
    "eval_combined_score": 0.8629951980792316,
    "eval_f1": 0.8877551020408163,
    "eval_loss": 0.3901384770870209,
    "eval_runtime": 0.4536,
    "eval_samples": 408,
    "eval_samples_per_second": 899.425,
    "eval_steps_per_second": 28.658,
    "train_loss": 0.4308373812971444,
    "train_runtime": 31.2345,
    "train_samples": 3668,
    "train_samples_per_second": 587.172,
    "train_steps_per_second": 4.642
}