{
    "epoch": 1.0,
    "eval_accuracy": 0.6117517847336629,
    "eval_loss": 0.6514884233474731,
    "eval_runtime": 3.0607,
    "eval_samples": 5463,
    "eval_samples_per_second": 1784.908,
    "eval_steps_per_second": 55.87,
    "train_loss": 0.6706164945758452,
    "train_runtime": 146.901,
    "train_samples": 104743,
    "train_samples_per_second": 713.018,
    "train_steps_per_second": 5.575
}