{
    "epoch": 5.0,
    "eval_accuracy": 0.6985294117647058,
    "eval_combined_score": 0.7576104584904007,
    "eval_f1": 0.8166915052160953,
    "eval_loss": 0.5995901226997375,
    "eval_runtime": 0.2537,
    "eval_samples": 408,
    "eval_samples_per_second": 1608.078,
    "eval_steps_per_second": 51.238
}