{
    "epoch": 5.0,
    "eval_combined_score": 0.16769479824534592,
    "eval_loss": 2.47611141204834,
    "eval_pearson": 0.16416375427882313,
    "eval_runtime": 0.9093,
    "eval_samples": 1500,
    "eval_samples_per_second": 1649.569,
    "eval_spearmanr": 0.1712258422118687,
    "eval_steps_per_second": 51.687
}