{
    "epoch": 2.0,
    "eval_accuracy": 0.9151376146788991,
    "eval_loss": 0.2464628368616104,
    "eval_runtime": 0.5343,
    "eval_samples": 872,
    "eval_samples_per_second": 1631.92,
    "eval_steps_per_second": 52.401
}