{
    "epoch": 5.0,
    "eval_combined_score": 0.878786527836033,
    "eval_loss": 0.5598896741867065,
    "eval_pearson": 0.8803068140303856,
    "eval_runtime": 1.0261,
    "eval_samples": 1500,
    "eval_samples_per_second": 1461.811,
    "eval_spearmanr": 0.8772662416416803,
    "eval_steps_per_second": 45.803
}