{
    "epoch": 5.0,
    "eval_combined_score": 0.8761224268659737,
    "eval_loss": 0.5716367363929749,
    "eval_pearson": 0.8778407955576082,
    "eval_runtime": 1.0778,
    "eval_samples": 1500,
    "eval_samples_per_second": 1391.745,
    "eval_spearmanr": 0.8744040581743393,
    "eval_steps_per_second": 43.608
}