{
    "epoch": 1.0,
    "eval_accuracy": 0.609189090243456,
    "eval_loss": 0.6537265181541443,
    "eval_runtime": 2.9932,
    "eval_samples": 5463,
    "eval_samples_per_second": 1825.159,
    "eval_steps_per_second": 57.13,
    "train_loss": 0.6693330981355884,
    "train_runtime": 146.9366,
    "train_samples": 104743,
    "train_samples_per_second": 712.845,
    "train_steps_per_second": 5.574
}