{
    "epoch": 2.0,
    "eval_accuracy": 0.9185779816513762,
    "eval_loss": 0.24037450551986694,
    "eval_runtime": 0.7582,
    "eval_samples": 872,
    "eval_samples_per_second": 1150.097,
    "eval_steps_per_second": 36.93
}