{
    "epoch": 5.0,
    "eval_accuracy": 0.8014705882352942,
    "eval_combined_score": 0.8337931453573165,
    "eval_f1": 0.8661157024793389,
    "eval_loss": 0.5111425518989563,
    "eval_runtime": 0.3496,
    "eval_samples": 408,
    "eval_samples_per_second": 1167.057,
    "eval_steps_per_second": 37.186
}