{
    "epoch": 5.0,
    "eval_combined_score": 0.10791026613452584,
    "eval_loss": 2.5304172039031982,
    "eval_pearson": 0.09971511772709776,
    "eval_runtime": 0.9099,
    "eval_samples": 1500,
    "eval_samples_per_second": 1648.605,
    "eval_spearmanr": 0.11610541454195392,
    "eval_steps_per_second": 51.656
}