{
    "epoch": 1.0,
    "eval_accuracy": 0.8896210873146623,
    "eval_loss": 0.26511433720588684,
    "eval_runtime": 3.5751,
    "eval_samples": 5463,
    "eval_samples_per_second": 1528.068,
    "eval_steps_per_second": 47.831,
    "train_loss": 0.3671070327106704,
    "train_runtime": 176.2052,
    "train_samples": 104743,
    "train_samples_per_second": 594.438,
    "train_steps_per_second": 4.648
}