{
    "epoch": 1.0,
    "eval_accuracy": 0.8365367014460919,
    "eval_loss": 0.36815500259399414,
    "eval_runtime": 3.5848,
    "eval_samples": 5463,
    "eval_samples_per_second": 1523.916,
    "eval_steps_per_second": 47.701
}