{
    "epoch": 5.0,
    "eval_accuracy": 0.8259803921568627,
    "eval_combined_score": 0.8533263305322129,
    "eval_f1": 0.880672268907563,
    "eval_loss": 0.4062671959400177,
    "eval_runtime": 0.2743,
    "eval_samples": 408,
    "eval_samples_per_second": 1487.458,
    "eval_steps_per_second": 47.395,
    "train_loss": 0.42979702127390895,
    "train_runtime": 31.1901,
    "train_samples": 3668,
    "train_samples_per_second": 588.007,
    "train_steps_per_second": 4.649
}