{
    "epoch": 1.0,
    "eval_accuracy": 0.6112026359143328,
    "eval_loss": 0.6499950289726257,
    "eval_runtime": 2.9861,
    "eval_samples": 5463,
    "eval_samples_per_second": 1829.448,
    "eval_steps_per_second": 57.264
}