{
    "epoch": 2.0,
    "eval_accuracy": 0.9151376146788991,
    "eval_loss": 0.2564283013343811,
    "eval_runtime": 0.7362,
    "eval_samples": 872,
    "eval_samples_per_second": 1184.528,
    "eval_steps_per_second": 38.035,
    "train_loss": 0.17582977564556548,
    "train_runtime": 227.6991,
    "train_samples": 67349,
    "train_samples_per_second": 591.561,
    "train_steps_per_second": 4.629
}