{
    "epoch": 5.0,
    "eval_combined_score": 0.8765742664711145,
    "eval_loss": 0.5669715404510498,
    "eval_pearson": 0.8785813198511692,
    "eval_runtime": 1.1209,
    "eval_samples": 1500,
    "eval_samples_per_second": 1338.178,
    "eval_spearmanr": 0.8745672130910597,
    "eval_steps_per_second": 41.93,
    "train_loss": 1.051139119466146,
    "train_runtime": 48.476,
    "train_samples": 5749,
    "train_samples_per_second": 592.974,
    "train_steps_per_second": 4.641
}