{
    "epoch": 3.0,
    "eval_accuracy": 0.23830892106228657,
    "eval_loss": 5.422842502593994,
    "eval_runtime": 1.9079,
    "eval_samples": 479,
    "eval_samples_per_second": 251.059,
    "eval_steps_per_second": 7.862,
    "perplexity": 226.52209789035192,
    "train_loss": 6.304269374102011,
    "train_runtime": 128.0123,
    "train_samples": 4627,
    "train_samples_per_second": 108.435,
    "train_steps_per_second": 3.398
}