{
    "epoch": 3.0,
    "eval_accuracy": 0.23830892106228657,
    "eval_loss": 5.422842502593994,
    "eval_runtime": 1.9079,
    "eval_samples": 479,
    "eval_samples_per_second": 251.059,
    "eval_steps_per_second": 7.862,
    "perplexity": 226.52209789035192
}