{
    "epoch": 5.0,
    "eval_accuracy": 0.8308823529411765,
    "eval_combined_score": 0.8572624243626625,
    "eval_f1": 0.8836424957841484,
    "eval_loss": 0.41408953070640564,
    "eval_runtime": 0.3579,
    "eval_samples": 408,
    "eval_samples_per_second": 1140.025,
    "eval_steps_per_second": 36.324
}