{
    "epoch": 5.0,
    "eval_accuracy": 0.678921568627451,
    "eval_combined_score": 0.7349950745848579,
    "eval_f1": 0.7910685805422647,
    "eval_loss": 0.5928316712379456,
    "eval_runtime": 0.3125,
    "eval_samples": 408,
    "eval_samples_per_second": 1305.448,
    "eval_steps_per_second": 41.595,
    "train_loss": 0.5972909861597522,
    "train_runtime": 31.2252,
    "train_samples": 3668,
    "train_samples_per_second": 587.346,
    "train_steps_per_second": 4.644
}