{
    "epoch": 5.0,
    "eval_combined_score": 0.874896318607066,
    "eval_loss": 0.526520848274231,
    "eval_pearson": 0.8767205336944595,
    "eval_runtime": 0.9088,
    "eval_samples": 1500,
    "eval_samples_per_second": 1650.477,
    "eval_spearmanr": 0.8730721035196723,
    "eval_steps_per_second": 51.715,
    "train_loss": 1.2621006944444444,
    "train_runtime": 39.9748,
    "train_samples": 5749,
    "train_samples_per_second": 719.078,
    "train_steps_per_second": 5.629
}