{
    "epoch": 5.0,
    "eval_accuracy": 0.6887254901960784,
    "eval_combined_score": 0.748004626736886,
    "eval_f1": 0.8072837632776935,
    "eval_loss": 0.5983232855796814,
    "eval_runtime": 0.4148,
    "eval_samples": 408,
    "eval_samples_per_second": 983.695,
    "eval_steps_per_second": 31.343
}